#month,monthly_writes,total_writes,monthly_write_volume,total_write_volume,monthly_reads,total_reads,monthly_read_volume,total_read_volume
2025-11-01 00:00:00-05,157,157,277177683756,277177683756,483,483,17874851800,17874851800
2025-12-01 00:00:00-06,40542,40699,10154035329661,10431213013417,269,752,49373461958,67248313758
2026-01-01 00:00:00-06,104,40803,622228157,10431835241574,117,869,16540286498,83788600256
2026-02-01 00:00:00-06,4087,44890,25950735457325,36382570698899,588,1457,366153261358,449941861614
2026-03-01 00:00:00-06,14897,59787,6202575990044,42585146688943,4048,5505,172788109432,622729971046
2026-04-01 00:00:00-05,677,60464,60654477534,42645801166477,631,6136,60423279977,683153251023
2026-05-01 00:00:00-05,346,60810,32184603243,42677985769720,28917,35053,58002530566,741155781589
2026-06-01 00:00:00-05,41,60851,101294355693,42779280125413,354,35407,443302942951,1184458724540
2026-07-01 00:00:00-05,93,60944,1075867060,42780355992473,13893,49300,108052804109,1292511528649
2026-08-01 00:00:00-05,62433,123377,62079803861673,104860159854146,54526,103826,97180935154700,98473446683349
2026-09-01 00:00:00-05,183919,307296,10432099256531,115292259110677,177254,281080,9150468086156,107623914769505
